-- phpMyAdmin SQL Dump
-- version 4.6.3
-- https://www.phpmyadmin.net/
--
-- Host: localhost
-- Generation Time: 2016-06-28 17:07:36
-- 服务器版本： 5.6.11
-- PHP Version: 5.5.1

SET SQL_MODE = "NO_AUTO_VALUE_ON_ZERO";
SET time_zone = "+00:00";


/*!40101 SET @OLD_CHARACTER_SET_CLIENT=@@CHARACTER_SET_CLIENT */;
/*!40101 SET @OLD_CHARACTER_SET_RESULTS=@@CHARACTER_SET_RESULTS */;
/*!40101 SET @OLD_COLLATION_CONNECTION=@@COLLATION_CONNECTION */;
/*!40101 SET NAMES utf8mb4 */;

--
-- Database: `lglibrary`
--
CREATE DATABASE IF NOT EXISTS `lglibrary` DEFAULT CHARACTER SET utf8mb4 COLLATE utf8mb4_general_ci;
USE `lglibrary`;

-- --------------------------------------------------------

--
-- 表的结构 `bookinfo`
--

CREATE TABLE `bookinfo` (
  `bookinfo_id` int(11) NOT NULL COMMENT '书籍id',
  `bookinfo_name` varchar(50) NOT NULL COMMENT '书名',
  `bookinfo_series` varchar(50) NOT NULL COMMENT '丛书名',
  `bookinfo_author` varchar(50) NOT NULL COMMENT '作者',
  `bookinfo_isbn` varchar(50) NOT NULL COMMENT 'ISBN',
  `bookinfo_size` varchar(20) NOT NULL COMMENT '开本',
  `bookinfo_date` date NOT NULL COMMENT '出版日期',
  `bookinfo_bindings` varchar(20) NOT NULL COMMENT '装帧',
  `bookinfo_price` float NOT NULL COMMENT '价格',
  `bookinfo_page` int(50) NOT NULL COMMENT '页数',
  `bookinfo_classification` varchar(50) NOT NULL COMMENT '中国法分类',
  `bookinfo_language` varchar(50) NOT NULL COMMENT '语种',
  `bookinfo_edition` varchar(50) NOT NULL COMMENT '版次',
  `bookinfo_content_summary` varchar(5000) NOT NULL COMMENT '内容简介',
  `bookinfo_author_summary` varchar(500) NOT NULL COMMENT '作者简介',
  `bookinfo_recommend` tinyint(1) NOT NULL COMMENT '是否推荐',
  `bookinfo_cover_thumb` varchar(100) NOT NULL COMMENT '书籍封面缩略图',
  `bookinfo_cover` mediumblob NOT NULL COMMENT '书籍封面',
  `bookinfo_stock` tinyint(1) NOT NULL COMMENT '纸本库存',
  `bookinfo_print` tinyint(1) NOT NULL COMMENT '按需印刷'
) ENGINE=InnoDB DEFAULT CHARSET=utf8mb4 COMMENT='书籍信息';

--
-- 转存表中的数据 `bookinfo`
--

INSERT INTO `bookinfo` (`bookinfo_id`, `bookinfo_name`, `bookinfo_series`, `bookinfo_author`, `bookinfo_isbn`, `bookinfo_size`, `bookinfo_date`, `bookinfo_bindings`, `bookinfo_price`, `bookinfo_page`, `bookinfo_classification`, `bookinfo_language`, `bookinfo_edition`, `bookinfo_content_summary`, `bookinfo_author_summary`, `bookinfo_recommend`, `bookinfo_cover_thumb`, `bookinfo_cover`, `bookinfo_stock`, `bookinfo_print`) VALUES
(1, '测试1', '测试1', '测试1', '5768', '测试1', '2016-06-30', '测试1', 100.45, 400, '测试1测试1测试1', '英文', '1', '测试1测试1测试1测试1测试1测试1测试1测试1测试1测试1测试1测试1测试1测试1测试1测试1测试1测试1测试1测试1测试1测试1测试1测试1测试1测试1', '测试1测试1', 1, 'dist\\picture\\cover\\windows0.jpg', '', 0, 0),
(2, '测试2', '测试2', '测试2', '687980', '测试2', '2016-06-02', '测试2', 56.98, 400, '测试2测试2测试2', '英文', '1', '测试2测试2测试2测试2测试2测试2测试2测试2测试2测试2测试2测试2测试2测试2测试2测试2测试2测试2测试2测试2测试2测试2测试2测试2测试2测试2', '测试2测试2', 0, 'dist\\picture\\cover\\windows3.jpg', '', 0, 0),
(3, '测试3', '测试3', '测试3', '798435', '测试3', '2016-06-03', '测试3', 87.99, 400, '测试3测试3测试3', '中文', '1', '测试3测试3测试3测试3测试3测试3测试3测试3测试3测试3测试3测试3测试3测试3测试3测试3测试3测试3测试3测试3测试3测试3测试3测试3测试3测试3', '测试3测试3', 1, 'dist\\picture\\cover\\7.jpg', '', 0, 0),
(4, '测试4', '测试4', '测试4', '454657', '测试4', '2016-06-04', '测试4', 34.655, 400, '测试4测试4测试4', '英文', '1', '测试4测试4测试4测试4测试4测试4测试4测试4测试4测试4测试4测试4测试4测试4测试4测试4测试4测试4测试4测试4测试4测试4测试4测试4测试4测试4', '测试4测试4', 0, 'dist\\picture\\cover\\8.jpg', '', 0, 0),
(5, '测试5', '测试5', '测试5', '34546', '测试5', '2016-06-05', '测试5', 78.98, 400, '测试5测试5测试5', '英文', '1', '测试5测试5测试5测试5测试5测试5测试5测试5测试5测试5测试5测试5测试5测试5测试5测试5测试5测试5测试5测试5测试5测试5测试5测试5测试5测试5', '测试5测试5', 0, 'dist\\picture\\cover\\9.jpg', '', 0, 0),
(6, '测试6', '测试6', '测试6', '43657', '测试6', '2016-06-06', '测试6', 56, 400, '测试6测试6测试6', '英文', '1', '测试6测试6测试6测试6测试6测试6测试6测试6测试6测试6测试6测试6测试6测试6测试6测试6测试6测试6测试6测试6测试6测试6测试6测试6测试6测试6', '测试6测试6', 0, 'dist\\picture\\cover\\10.jpg', '', 1, 0),
(7, '测试7', '测试7', '测试7', '54768', '测试7', '2016-06-07', '测试7', 100, 400, '测试7测试7测试7', '英文', '1', '测试7测试7测试7测试7测试7测试7测试7测试7测试7测试7测试7测试7测试7测试7测试7测试7测试7测试7测试7测试7测试7测试7测试7测试7测试7测试7', '测试7测试7', 1, 'dist\\picture\\cover\\11.jpg', '', 1, 0),
(8, '测试8', '测试8', '测试8', '547689', '测试8', '2016-06-08', '测试8', 100.555, 400, '测试8测试8测试8', '英文', '1', '测试8测试8测试8测试8测试8测试8测试8测试8测试8测试8测试8测试8测试8测试8测试8测试8测试8测试8测试8测试8测试8测试8测试8测试8测试8测试8', '测试8测试8', 1, 'dist\\picture\\cover\\12.jpg', '', 0, 0),
(9, '测试9', '测试9', '测试9', '4657768687', '测试9', '2016-06-09', '测试9', 100, 400, '测试9测试9测试9', '英文', '1', '测试9测试9测试9测试9测试9测试9测试9测试9测试9测试9测试9测试9测试9测试9测试9测试9测试9测试9测试9测试9测试9测试9测试9测试9测试9测试9', '测试9测试9', 0, 'dist\\picture\\cover\\13.jpg', '', 0, 0),
(10, '测试10', '测试10', '测试10', '4354656', '测试10', '2016-06-10', '测试10', 100, 400, '测试10测试10测试10', '英文', '1', '测试10测试10测试10测试10测试10测试10测试10测试10测试10测试10测试10测试10测试10测试10测试10测试10测试10测试10测试10测试10测试10测试10测试10测试10测试10测试10', '测试10测试10', 0, 'dist\\picture\\cover\\14.jpg', '', 0, 0),
(11, '测试11', '测试11', '测试11', '5465768', '测试11', '2016-06-01', '测试11', 100, 400, '测试11测试11测试11', '英文', '1', '测试11测试11测试11测试11测试11测试11测试11测试11测试11测试11测试11测试11测试11测试11测试11测试11测试11测试11测试11测试11测试11测试11测试11测试11测试11测试11', '测试11测试11', 0, 'dist\\picture\\cover\\15.jpg', '', 0, 0),
(12, '测试12', '测试12', '测试12', '65768798', '测试12', '2016-06-01', '测试12', 100, 400, '测试12测试12测试12', '英文', '1', '测试12测试12测试12测试12测试12测试12测试12测试12测试12测试12测试12测试12测试12测试12测试12测试12测试12测试12测试12测试12测试12测试12测试12测试12测试12测试12', '测试12测试12', 0, 'dist\\picture\\cover\\16.jpg', '', 0, 0),
(13, '测试13', '测试13', '测试13', '43546', '测试13', '2016-06-01', '测试13', 100, 400, '测试13测试13测试13', '英文', '1', '测试13测试13测试13测试13测试13测试13测试13测试13测试13测试13测试13测试13测试13测试13测试13测试13测试13测试13测试13测试13测试13测试13测试13测试13测试13测试13', '测试13测试13', 1, 'dist\\picture\\cover\\17.jpg', '', 0, 0),
(14, '测试14', '测试14', '测试14', '5465876', '测试14', '2016-06-01', '测试14', 100, 400, '测试14测试14测试14', '英文', '1', '测试14测试14测试14测试14测试14测试14测试14测试14测试14测试14测试14测试14测试14测试14测试14测试14测试14测试14测试14测试14测试14测试14测试14测试14测试14测试14', '测试14测试14', 0, 'dist\\picture\\cover\\18.jpg', '', 0, 0),
(15, '测试15', '测试15', '测试15', '5687', '测试15', '2016-06-01', '测试15', 100, 400, '测试15测试15测试15', '英文', '1', '测试15测试15测试15测试15测试15测试15测试15测试15测试15测试15测试15测试15测试15测试15测试15测试15测试15测试15测试15测试15测试15测试15测试15测试15测试15测试15', '测试15测试15', 1, 'dist\\picture\\cover\\19.jpg', '', 0, 0),
(16, '测试16', '测试16', '测试16', '46576', '测试16', '2016-06-01', '测试16', 100, 400, '测试16测试16测试16', '英文', '1', '测试16测试16测试16测试16测试16测试16测试16测试16测试16测试16测试16测试16测试16测试16测试16测试16测试16测试16测试16测试16测试16测试16测试16测试16测试16测试16', '测试16测试16', 0, 'dist\\picture\\cover\\20.jpg', '', 0, 0),
(17, '测试17', '测试17', '测试17', '65768', '测试17', '2016-06-01', '测试17', 100, 400, '测试17测试17测试17', '英文', '1', '测试17测试17测试17测试17测试17测试17测试17测试17测试17测试17测试17测试17测试17测试17测试17测试17测试17测试17测试17测试17测试17测试17测试17测试17测试17测试17', '测试17测试17', 0, 'dist\\picture\\cover\\21.jpg', '', 0, 1),
(18, '测试18', '测试18', '测试18', '46576', '测试18', '2016-06-01', '测试18', 100, 400, '测试18测试18测试18', '英文', '1', '测试18测试18测试18测试18测试18测试18测试18测试18测试18测试18测试18测试18测试18测试18测试18测试18测试18测试18测试18测试18测试18测试18测试18测试18测试18测试18', '测试18测试18', 0, 'dist\\picture\\cover\\22.jpg', '', 0, 0),
(19, '测试19', '测试19', '测试19', '34587', '测试19', '2016-06-01', '测试19', 100, 400, '测试19测试19测试19', '英文', '1', '测试19测试19测试19测试19测试19测试19测试19测试19测试19测试19测试19测试19测试19测试19测试19测试19测试19测试19测试19测试19测试19测试19测试19测试19测试19测试19', '测试19测试19', 0, 'dist\\picture\\cover\\23.jpg', '', 0, 0),
(20, '测试20', '测试20', '测试20', '5768', '测试20', '2016-06-01', '测试20', 100, 400, '测试20测试20测试20', '英文', '1', '测试20测试20测试20测试20测试20测试20测试20测试20测试20测试20测试20测试20测试20测试20测试20测试20测试20测试20测试20测试20测试20测试20测试20测试20测试20测试20', '测试20测试20', 0, 'dist\\picture\\cover\\24.jpg', '', 0, 0),
(21, '测试21', '测试21', '测试21', '576876', '测试21', '2016-06-01', '测试21', 100, 400, '测试21测试21测试21', '英文', '1', '测试21测试21测试21测试21测试21测试21测试21测试21测试21测试21测试21测试21测试21测试21测试21测试21测试21测试21测试21测试21测试21测试21测试21测试21测试21测试21', '测试21测试21', 0, 'dist\\picture\\cover\\25.jpg', '', 0, 1),
(22, '测试22', '测试22', '测试22', '65876979', '测试22', '2016-06-01', '测试22', 100, 400, '测试22测试22测试22', '英文', '1', '测试22测试22测试22测试22测试22测试22测试22测试22测试22测试22测试22测试22测试22测试22测试22测试22测试22测试22测试22测试22测试22测试22测试22测试22测试22测试22', '测试22测试22', 0, 'dist\\picture\\cover\\26.jpg', '', 0, 0),
(23, '测试23', '测试23', '测试23', '687980', '测试23', '2016-06-01', '测试23', 100, 400, '测试23测试23测试23', '英文', '1', '测试23测试23测试23测试23测试23测试23测试23测试23测试23测试23测试23测试23测试23测试23测试23测试23测试23测试23测试23测试23测试23测试23测试23测试23测试23测试23', '测试23测试23', 0, 'dist\\picture\\cover\\27.jpg', '', 0, 1),
(24, '测试24', '测试24', '测试24', '76987090', '测试24', '2016-06-01', '测试24', 100, 400, '测试24测试24测试24', '英文', '1', '测试24测试24测试24测试24测试24测试24测试24测试24测试24测试24测试24测试24测试24测试24测试24测试24测试24测试24测试24测试24测试24测试24测试24测试24测试24测试24', '测试24测试24', 0, 'dist\\picture\\cover\\28.jpg', '', 0, 0),
(25, '测试25', '测试25', '测试25', '76987090', '测试25', '2016-06-01', '测试25', 100, 400, '测试25测试25测试25', '英文', '1', '测试25测试25测试25测试25测试25测试25测试25测试25测试25测试25测试25测试25测试25测试25测试25测试25测试25测试25测试25测试25测试25测试25测试25测试25测试25测试25', '测试25测试25', 0, 'dist\\picture\\cover\\29.jpg', '', 1, 0),
(26, '测试26', '测试26', '测试26', '465768', '测试26', '2016-06-01', '测试26', 100, 400, '测试26测试26测试26', '英文', '1', '测试26测试26测试26测试26测试26测试26测试26测试26测试26测试26测试26测试26测试26测试26测试26测试26测试26测试26测试26测试26测试26测试26测试26测试26测试26测试26', '测试26测试26', 0, 'dist\\picture\\cover\\30.jpg', '', 0, 1),
(27, '测试27', '测试27', '测试27', '65898', '测试27', '2016-06-01', '测试27', 100, 400, '测试27测试27测试27', '英文', '1', '测试27测试27测试27测试27测试27测试27测试27测试27测试27测试27测试27测试27测试27测试27测试27测试27测试27测试27测试27测试27测试27测试27测试27测试27测试27测试27', '测试27测试27', 0, 'dist\\picture\\cover\\31.jpg', '', 1, 1),
(34, '测试28', '测试28', '测试28', '687980', '测试28', '2016-06-01', '测试28', 100, 400, '测试28测试28测试28', '英文', '1', '测试28测试28测试28测试28测试28测试28测试28测试28测试28测试28测试28测试28测试28测试28测试28测试28测试28测试28测试28测试28测试28测试28测试28测试28测试28测试28', '测试28测试28', 1, 'dist\\picture\\cover\\32.jpg', '', 1, 1),
(35, '测试29', '测试29', '测试29', '5457879', '测试29', '2016-06-01', '测试29', 100, 400, '测试29测试29测试29', '英文', '1', '测试29测试29测试29测试29测试29测试29测试29测试29测试29测试29测试29测试29测试29测试29测试29测试29测试29测试29测试29测试29测试29测试29测试29测试29测试29测试29', '测试29测试29', 1, 'dist\\picture\\cover\\33.jpg', '', 0, 0),
(36, '测试30', '测试30', '测试30', '576879', '测试30', '2016-06-02', '测试30', 100, 400, '测试2测试2测试2', '英文', '1', '测试2测试2测试2测试2测试2测试2测试2测试2测试2测试2测试2测试2测试2测试2测试2测试2测试2测试2测试2测试2测试2测试2测试2测试2测试2测试2', '测试2测试2', 1, 'dist\\picture\\cover\\34.jpg', '', 1, 1),
(37, '测试31', '测试31', '测试31', '576970', '测试31', '2016-06-03', '测试31', 100, 400, '测试3测试3测试3', '中文', '1', '测试3测试3测试3测试3测试3测试3测试3测试3测试3测试3测试3测试3测试3测试3测试3测试3测试3测试3测试3测试3测试3测试3测试3测试3测试3测试3', '测试3测试3', 1, 'dist\\picture\\cover\\35.jpg', '', 0, 0),
(38, '测试32', '测试32', '测试32', '687980', '测试32', '2016-06-04', '测试32', 100, 400, '测试4测试4测试4', '英文', '1', '测试4测试4测试4测试4测试4测试4测试4测试4测试4测试4测试4测试4测试4测试4测试4测试4测试4测试4测试4测试4测试4测试4测试4测试4测试4测试4', '测试4测试4', 1, 'dist\\picture\\cover\\36.jpg', '', 1, 1),
(39, '测试33', '测试33', '测试33', '7890', '测试33', '2016-06-05', '测试33', 100, 400, '测试5测试5测试5', '英文', '1', '测试5测试5测试5测试5测试5测试5测试5测试5测试5测试5测试5测试5测试5测试5测试5测试5测试5测试5测试5测试5测试5测试5测试5测试5测试5测试5', '测试5测试5', 1, 'dist\\picture\\cover\\37.jpg', '', 0, 0),
(40, '测试34', '测试34', '测试34', '3658798', '测试34', '2016-06-06', '测试34', 100, 400, '测试6测试6测试6', '英文', '1', '测试6测试6测试6测试6测试6测试6测试6测试6测试6测试6测试6测试6测试6测试6测试6测试6测试6测试6测试6测试6测试6测试6测试6测试6测试6测试6', '测试6测试6', 1, 'dist\\picture\\cover\\38.jpg', '', 0, 0),
(41, '测试35', '测试35', '测试35', '546589', '测试35', '2016-06-07', '测试35', 100, 400, '测试7测试7测试7', '英文', '1', '测试7测试7测试7测试7测试7测试7测试7测试7测试7测试7测试7测试7测试7测试7测试7测试7测试7测试7测试7测试7测试7测试7测试7测试7测试7测试7', '测试7测试7', 1, 'dist\\picture\\cover\\39.jpg', '', 0, 0),
(42, '测试36', '测试36', '测试36', '3658769', '测试36', '2016-06-08', '测试36', 100, 400, '测试8测试8测试8', '英文', '1', '测试8测试8测试8测试8测试8测试8测试8测试8测试8测试8测试8测试8测试8测试8测试8测试8测试8测试8测试8测试8测试8测试8测试8测试8测试8测试8', '测试8测试8', 1, 'dist\\picture\\cover\\40.jpg', '', 0, 0),
(43, '测试37', '测试37', '测试37', '36576870', '测试37', '2016-06-09', '测试37', 100, 400, '测试9测试9测试9', '英文', '1', '测试9测试9测试9测试9测试9测试9测试9测试9测试9测试9测试9测试9测试9测试9测试9测试9测试9测试9测试9测试9测试9测试9测试9测试9测试9测试9', '测试9测试9', 1, 'dist\\picture\\cover\\41.jpg', '', 0, 0),
(44, '测试38', '测试38', '测试38', '6457689', '测试38', '2016-06-10', '测试38', 100, 400, '测试290测试290测试290', '英文', '1', '测试290测试290测试290测试290测试290测试290测试290测试290测试290测试290测试290测试290测试290测试290测试290测试290测试290测试290测试290测试290测试290测试290测试290测试290测试290测试290', '测试290测试290', 1, 'dist\\picture\\cover\\42.jpg', '', 0, 0),
(45, '测试39', '测试39', '测试39', '65767809', '测试39', '2016-06-01', '测试39', 100, 400, '测试291测试291测试291', '英文', '1', '测试291测试291测试291测试291测试291测试291测试291测试291测试291测试291测试291测试291测试291测试291测试291测试291测试291测试291测试291测试291测试291测试291测试291测试291测试291测试291', '测试291测试291', 1, 'dist\\picture\\cover\\43.jpg', '', 0, 0),
(46, '测试40', '测试40', '测试40', '6576879', '测试40', '2016-06-01', '测试40', 100, 400, '测试292测试292测试292', '英文', '1', '测试292测试292测试292测试292测试292测试292测试292测试292测试292测试292测试292测试292测试292测试292测试292测试292测试292测试292测试292测试292测试292测试292测试292测试292测试292测试292', '测试292测试292', 1, 'dist\\picture\\cover\\44.jpg', '', 0, 0),
(47, '测试41', '测试41', '测试41', '354658678', '测试41', '2016-06-01', '测试41', 100, 400, '测试293测试293测试293', '英文', '1', '测试293测试293测试293测试293测试293测试293测试293测试293测试293测试293测试293测试293测试293测试293测试293测试293测试293测试293测试293测试293测试293测试293测试293测试293测试293测试293', '测试293测试293', 1, 'dist\\picture\\cover\\45.jpg', '', 0, 0),
(48, '测试42', '测试42', '测试42', '547685', '测试42', '2016-06-01', '测试42', 100, 400, '测试294测试294测试294', '英文', '1', '测试294测试294测试294测试294测试294测试294测试294测试294测试294测试294测试294测试294测试294测试294测试294测试294测试294测试294测试294测试294测试294测试294测试294测试294测试294测试294', '测试294测试294', 1, 'dist\\picture\\cover\\46.jpg', '', 0, 0),
(49, '测试43', '测试43', '测试43', '656898', '测试43', '2016-06-01', '测试43', 100, 400, '测试295测试295测试295', '英文', '1', '测试295测试295测试295测试295测试295测试295测试295测试295测试295测试295测试295测试295测试295测试295测试295测试295测试295测试295测试295测试295测试295测试295测试295测试295测试295测试295', '测试295测试295', 1, 'dist\\picture\\cover\\47.jpg', '', 1, 1),
(50, '测试44', '测试44', '测试44', '6576879', '测试44', '2016-06-01', '测试44', 100, 400, '测试296测试296测试296', '英文', '1', '测试296测试296测试296测试296测试296测试296测试296测试296测试296测试296测试296测试296测试296测试296测试296测试296测试296测试296测试296测试296测试296测试296测试296测试296测试296测试296', '测试296测试296', 1, 'dist\\picture\\cover\\48.jpg', '', 1, 1),
(51, '测试45', '测试45', '测试45', '36586879', '测试45', '2016-06-01', '测试45', 100, 400, '测试297测试297测试297', '英文', '1', '测试297测试297测试297测试297测试297测试297测试297测试297测试297测试297测试297测试297测试297测试297测试297测试297测试297测试297测试297测试297测试297测试297测试297测试297测试297测试297', '测试297测试297', 1, 'dist\\picture\\cover\\49.jpg', '', 0, 0),
(52, '测试46', '测试46', '测试46', '54658679', '测试46', '2016-06-01', '测试46', 100, 400, '测试298测试298测试298', '英文', '1', '测试298测试298测试298测试298测试298测试298测试298测试298测试298测试298测试298测试298测试298测试298测试298测试298测试298测试298测试298测试298测试298测试298测试298测试298测试298测试298', '测试298测试298', 1, 'dist\\picture\\cover\\50.jpg', '', 1, 1),
(53, '测试47', '测试47', '测试47', '3656789', '测试47', '2016-06-01', '测试47', 100, 400, '测试299测试299测试299', '英文', '1', '测试299测试299测试299测试299测试299测试299测试299测试299测试299测试299测试299测试299测试299测试299测试299测试299测试299测试299测试299测试299测试299测试299测试299测试299测试299测试299', '测试299测试299', 1, 'dist\\picture\\cover\\51.jpg', '', 1, 1),
(54, '测试48', '测试48', '测试48', '658679', '测试48', '2016-06-01', '测试48', 100, 400, '测试20测试20测试20', '英文', '1', '测试20测试20测试20测试20测试20测试20测试20测试20测试20测试20测试20测试20测试20测试20测试20测试20测试20测试20测试20测试20测试20测试20测试20测试20测试20测试20', '测试20测试20', 1, 'dist\\picture\\cover\\52.jpg', '', 0, 1),
(55, '测试49', '测试49', '测试49', '5476879', '测试49', '2016-06-01', '测试49', 100, 400, '测试21测试21测试21', '英文', '1', '测试21测试21测试21测试21测试21测试21测试21测试21测试21测试21测试21测试21测试21测试21测试21测试21测试21测试21测试21测试21测试21测试21测试21测试21测试21测试21', '测试21测试21', 1, 'dist\\picture\\cover\\53.jpg', '', 0, 1),
(56, '测试50', '测试50', '测试50', '36587698', '测试50', '2016-06-01', '测试50', 100, 400, '测试22测试22测试22', '英文', '1', '测试22测试22测试22测试22测试22测试22测试22测试22测试22测试22测试22测试22测试22测试22测试22测试22测试22测试22测试22测试22测试22测试22测试22测试22测试22测试22', '测试22测试22', 1, 'dist\\picture\\cover\\54.jpg', '', 0, 0),
(57, '测试51', '测试51', '测试51', '3465768', '测试51', '2016-06-01', '测试51', 100, 400, '测试23测试23测试23', '英文', '1', '测试23测试23测试23测试23测试23测试23测试23测试23测试23测试23测试23测试23测试23测试23测试23测试23测试23测试23测试23测试23测试23测试23测试23测试23测试23测试23', '测试23测试23', 1, 'dist\\picture\\cover\\55.jpg', '', 0, 0),
(58, '测试52', '测试52', '测试52', '2343546', '测试52', '2016-06-01', '测试52', 100, 400, '测试24测试24测试24', '英文', '1', '测试24测试24测试24测试24测试24测试24测试24测试24测试24测试24测试24测试24测试24测试24测试24测试24测试24测试24测试24测试24测试24测试24测试24测试24测试24测试24', '测试24测试24', 1, 'dist\\picture\\cover\\56.jpg', '', 0, 0),
(59, '测试53', '测试53', '测试53', '432543654', '测试53', '2016-06-01', '测试53', 100, 400, '测试25测试25测试25', '英文', '1', '测试25测试25测试25测试25测试25测试25测试25测试25测试25测试25测试25测试25测试25测试25测试25测试25测试25测试25测试25测试25测试25测试25测试25测试25测试25测试25', '测试25测试25', 1, 'dist\\picture\\cover\\57.jpg', '', 0, 0),
(60, '测试54', '测试54', '测试54', '43546', '测试54', '2016-06-01', '测试54', 100, 400, '测试26测试26测试26', '英文', '1', '测试26测试26测试26测试26测试26测试26测试26测试26测试26测试26测试26测试26测试26测试26测试26测试26测试26测试26测试26测试26测试26测试26测试26测试26测试26测试26', '测试26测试26', 1, 'dist\\picture\\cover\\58.jpg', '', 0, 0),
(61, '测试55', '测试55', '测试55', '453546', '测试55', '2016-06-01', '测试55', 100, 400, '测试27测试27测试27', '英文', '1', '测试27测试27测试27测试27测试27测试27测试27测试27测试27测试27测试27测试27测试27测试27测试27测试27测试27测试27测试27测试27测试27测试27测试27测试27测试27测试27', '测试27测试27', 1, 'dist\\picture\\cover\\59.jpg', '', 0, 0),
(62, '测试56', '测试56', '测试56', '5436547658', '测试56', '2016-06-01', '测试56', 100, 400, '测试28测试28测试28', '英文', '1', '测试28测试28测试28测试28测试28测试28测试28测试28测试28测试28测试28测试28测试28测试28测试28测试28测试28测试28测试28测试28测试28测试28测试28测试28测试28测试28', '测试28测试28', 1, 'dist\\picture\\cover\\60.jpg', '', 0, 0);

-- --------------------------------------------------------

--
-- 表的结构 `orderlist`
--

CREATE TABLE `orderlist` (
  `orderlist_id` int(10) NOT NULL COMMENT '订单id',
  `orderlist_user_id` varchar(10) NOT NULL COMMENT '用户id',
  `orderlist_content` varchar(500) NOT NULL COMMENT '订单内容',
  `orderlist_num` int(10) NOT NULL DEFAULT '1' COMMENT '数量',
  `orderlist_time` datetime NOT NULL COMMENT '订单时间'
) ENGINE=InnoDB DEFAULT CHARSET=utf8mb4;

--
-- 转存表中的数据 `orderlist`
--

INSERT INTO `orderlist` (`orderlist_id`, `orderlist_user_id`, `orderlist_content`, `orderlist_num`, `orderlist_time`) VALUES
(74, '20', '46', 2, '2016-06-28 13:46:37'),
(75, '20', '47', 2, '2016-06-28 13:46:37'),
(76, '20', '48', 2, '2016-06-28 13:46:37'),
(77, '20', '47', 2, '2016-06-28 13:51:00'),
(78, '20', '48', 2, '2016-06-28 13:51:00'),
(79, '20', '11', 5, '2016-06-28 13:51:50'),
(80, '20', '12', 2, '2016-06-28 13:51:50'),
(81, '20', '11', 5, '2016-06-28 13:53:03'),
(82, '20', '12', 2, '2016-06-28 13:53:03'),
(83, '20', '11', 5, '2016-06-28 13:53:06'),
(84, '20', '12', 2, '2016-06-28 13:53:06'),
(85, '20', '1', 2, '2016-06-28 13:53:50'),
(86, '20', '10', 2, '2016-06-28 13:53:50'),
(87, '20', '44', 2, '2016-06-28 13:53:50'),
(88, '20', '9', 2, '2016-06-28 13:53:50'),
(89, '20', '43', 2, '2016-06-28 13:53:50'),
(90, '20', '8', 2, '2016-06-28 13:53:50'),
(91, '20', '42', 2, '2016-06-28 13:53:50'),
(92, '20', '7', 2, '2016-06-28 13:53:50'),
(93, '20', '41', 2, '2016-06-28 13:53:50'),
(94, '20', '6', 2, '2016-06-28 13:53:50'),
(95, '20', '40', 2, '2016-06-28 13:53:50'),
(96, '20', '5', 2, '2016-06-28 13:53:50'),
(97, '20', '39', 2, '2016-06-28 13:53:50'),
(98, '20', '4', 2, '2016-06-28 13:53:50'),
(99, '20', '38', 2, '2016-06-28 13:53:50'),
(100, '20', '3', 2, '2016-06-28 13:53:50'),
(101, '20', '37', 2, '2016-06-28 13:53:50'),
(102, '20', '2', 2, '2016-06-28 13:53:50'),
(103, '20', '36', 2, '2016-06-28 13:53:50'),
(104, '20', '11', 2, '2016-06-28 13:53:50'),
(105, '20', '12', 2, '2016-06-28 13:53:50'),
(106, '19', '1', 1, '2016-06-28 14:00:50'),
(107, '19', '3', 1, '2016-06-28 14:07:46'),
(108, '19', '7', 1, '2016-06-28 14:07:47'),
(109, '19', '8', 1, '2016-06-28 14:07:49'),
(110, '19', '34', 1, '2016-06-28 14:07:51'),
(111, '19', '1', 2, '2016-06-28 14:08:08'),
(112, '19', '3', 2, '2016-06-28 14:08:08'),
(113, '19', '7', 2, '2016-06-28 14:08:08'),
(114, '19', '8', 2, '2016-06-28 14:08:08'),
(115, '19', '13', 2, '2016-06-28 14:08:08'),
(116, '19', '15', 2, '2016-06-28 14:08:08'),
(117, '19', '34', 2, '2016-06-28 14:08:08'),
(118, '19', '35', 2, '2016-06-28 14:08:09'),
(119, '19', '36', 2, '2016-06-28 14:08:09'),
(120, '19', '37', 2, '2016-06-28 14:08:09'),
(121, '19', '38', 2, '2016-06-28 14:08:09'),
(122, '19', '39', 2, '2016-06-28 14:08:09'),
(123, '19', '40', 2, '2016-06-28 14:08:09'),
(124, '19', '41', 2, '2016-06-28 14:08:09'),
(125, '19', '42', 2, '2016-06-28 14:08:09'),
(126, '19', '43', 2, '2016-06-28 14:08:09'),
(127, '19', '44', 2, '2016-06-28 14:08:09'),
(128, '19', '45', 2, '2016-06-28 14:08:09'),
(129, '19', '46', 2, '2016-06-28 14:08:09'),
(130, '19', '47', 2, '2016-06-28 14:08:09'),
(131, '19', '48', 2, '2016-06-28 14:08:09'),
(132, '19', '1', 2, '2016-06-28 14:08:31'),
(133, '19', '3', 2, '2016-06-28 14:08:31'),
(134, '19', '7', 2, '2016-06-28 14:08:31'),
(135, '19', '8', 2, '2016-06-28 14:08:31'),
(136, '19', '13', 2, '2016-06-28 14:08:31'),
(137, '19', '15', 2, '2016-06-28 14:08:31'),
(138, '19', '34', 2, '2016-06-28 14:08:31'),
(139, '19', '35', 2, '2016-06-28 14:08:31'),
(140, '19', '36', 2, '2016-06-28 14:08:31'),
(141, '19', '37', 2, '2016-06-28 14:08:31'),
(142, '19', '38', 2, '2016-06-28 14:08:31'),
(143, '19', '39', 2, '2016-06-28 14:08:31'),
(144, '19', '40', 2, '2016-06-28 14:08:31'),
(145, '19', '41', 2, '2016-06-28 14:08:31'),
(146, '19', '42', 2, '2016-06-28 14:08:31'),
(147, '19', '43', 2, '2016-06-28 14:08:31'),
(148, '19', '44', 2, '2016-06-28 14:08:31'),
(149, '19', '45', 2, '2016-06-28 14:08:31'),
(150, '19', '46', 2, '2016-06-28 14:08:31'),
(151, '19', '47', 2, '2016-06-28 14:08:31'),
(152, '19', '48', 2, '2016-06-28 14:08:31'),
(153, '19', '1', 2, '2016-06-28 14:19:18'),
(154, '19', '3', 2, '2016-06-28 14:19:18'),
(155, '19', '7', 2, '2016-06-28 14:19:19'),
(156, '19', '8', 2, '2016-06-28 14:19:19'),
(157, '19', '13', 2, '2016-06-28 14:19:19'),
(158, '19', '15', 2, '2016-06-28 14:19:19'),
(159, '19', '34', 2, '2016-06-28 14:19:19'),
(160, '19', '35', 2, '2016-06-28 14:19:19'),
(161, '19', '36', 2, '2016-06-28 14:19:19'),
(162, '19', '37', 2, '2016-06-28 14:19:19'),
(163, '19', '38', 2, '2016-06-28 14:19:19'),
(164, '19', '39', 2, '2016-06-28 14:19:19'),
(165, '19', '40', 2, '2016-06-28 14:19:19'),
(166, '19', '41', 2, '2016-06-28 14:19:19'),
(167, '19', '42', 2, '2016-06-28 14:19:19'),
(168, '19', '43', 2, '2016-06-28 14:19:19'),
(169, '19', '44', 2, '2016-06-28 14:19:19'),
(170, '19', '45', 2, '2016-06-28 14:19:19'),
(171, '19', '46', 2, '2016-06-28 14:19:19'),
(172, '19', '47', 2, '2016-06-28 14:19:19'),
(173, '19', '48', 2, '2016-06-28 14:19:19'),
(174, '19', '34', 1, '2016-06-28 14:52:09'),
(175, '19', '3', 1, '2016-06-28 14:53:45'),
(176, '19', '1', 2, '2016-06-28 14:53:52'),
(177, '19', '3', 2, '2016-06-28 14:53:52'),
(178, '19', '7', 2, '2016-06-28 14:53:52'),
(179, '19', '8', 2, '2016-06-28 14:53:52'),
(180, '19', '13', 2, '2016-06-28 14:53:52'),
(181, '19', '15', 2, '2016-06-28 14:53:52'),
(182, '19', '34', 2, '2016-06-28 14:53:52'),
(183, '19', '35', 2, '2016-06-28 14:53:52'),
(184, '19', '36', 2, '2016-06-28 14:53:52'),
(185, '19', '37', 2, '2016-06-28 14:53:53'),
(186, '19', '38', 2, '2016-06-28 14:53:53'),
(187, '19', '39', 2, '2016-06-28 14:53:53'),
(188, '19', '40', 2, '2016-06-28 14:53:53'),
(189, '19', '41', 2, '2016-06-28 14:53:53'),
(190, '19', '42', 2, '2016-06-28 14:53:53'),
(191, '19', '43', 2, '2016-06-28 14:53:53'),
(192, '19', '44', 2, '2016-06-28 14:53:53'),
(193, '19', '45', 2, '2016-06-28 14:53:53'),
(194, '19', '46', 2, '2016-06-28 14:53:53'),
(195, '19', '47', 2, '2016-06-28 14:53:53'),
(196, '19', '48', 2, '2016-06-28 14:53:53'),
(197, '22', '1', 1, '2016-06-28 19:24:53'),
(198, '22', '40', 2, '2016-06-28 19:25:32'),
(199, '22', '41', 2, '2016-06-28 19:25:32'),
(200, '22', '42', 2, '2016-06-28 19:25:32'),
(201, '22', '43', 2, '2016-06-28 19:25:32'),
(202, '22', '44', 2, '2016-06-28 19:25:32'),
(203, '22', '45', 2, '2016-06-28 19:25:32'),
(204, '22', '46', 2, '2016-06-28 19:25:32'),
(205, '22', '47', 2, '2016-06-28 19:25:32'),
(206, '22', '48', 2, '2016-06-28 19:25:32'),
(207, '22', '42', 1, '2016-06-28 19:25:44'),
(208, '22', '11', 2, '2016-06-28 19:26:31'),
(209, '22', '12', 2, '2016-06-28 19:26:31'),
(210, '22', '44', 1, '2016-06-28 19:26:53'),
(211, '23', '3', 1, '2016-06-28 20:32:43');

-- --------------------------------------------------------

--
-- 表的结构 `user`
--

CREATE TABLE `user` (
  `user_id` int(10) NOT NULL COMMENT '用户·id',
  `user_name` varchar(50) NOT NULL COMMENT '用户名',
  `user_password` varchar(50) NOT NULL COMMENT '登录密码',
  `user_type` int(10) NOT NULL COMMENT '1 管理和营销人员 ;2 图书馆用户 ; 3  经销商用户'
) ENGINE=InnoDB DEFAULT CHARSET=utf8mb4;

--
-- 转存表中的数据 `user`
--

INSERT INTO `user` (`user_id`, `user_name`, `user_password`, `user_type`) VALUES
(18, 'aaaaaa', '0b4e7a0e5fe84ad35fb5f95b9ceeac79', 2),
(19, 'wwwwww', 'd785c99d298a4e9e6e13fe99e602ef42', 2),
(20, 'dddddd', '980ac217c6b51e7dc41040bec1edfec8', 2),
(21, 'tttttt', 'bcc720f2981d1a68dbd66ffd67560c37', 3),
(22, 'ssssss', 'af15d5fdacd5fdfea300e88a8e253e82', 2),
(23, 'yyyyyy', '94e7d712742adbbb7a73a1d52a7cc1a9', 2);

--
-- Indexes for dumped tables
--

--
-- Indexes for table `bookinfo`
--
ALTER TABLE `bookinfo`
  ADD PRIMARY KEY (`bookinfo_id`);

--
-- Indexes for table `orderlist`
--
ALTER TABLE `orderlist`
  ADD PRIMARY KEY (`orderlist_id`);

--
-- Indexes for table `user`
--
ALTER TABLE `user`
  ADD PRIMARY KEY (`user_id`);

--
-- 在导出的表使用AUTO_INCREMENT
--

--
-- 使用表AUTO_INCREMENT `bookinfo`
--
ALTER TABLE `bookinfo`
  MODIFY `bookinfo_id` int(11) NOT NULL AUTO_INCREMENT COMMENT '书籍id', AUTO_INCREMENT=63;
--
-- 使用表AUTO_INCREMENT `orderlist`
--
ALTER TABLE `orderlist`
  MODIFY `orderlist_id` int(10) NOT NULL AUTO_INCREMENT COMMENT '订单id', AUTO_INCREMENT=212;
--
-- 使用表AUTO_INCREMENT `user`
--
ALTER TABLE `user`
  MODIFY `user_id` int(10) NOT NULL AUTO_INCREMENT COMMENT '用户·id', AUTO_INCREMENT=24;
/*!40101 SET CHARACTER_SET_CLIENT=@OLD_CHARACTER_SET_CLIENT */;
/*!40101 SET CHARACTER_SET_RESULTS=@OLD_CHARACTER_SET_RESULTS */;
/*!40101 SET COLLATION_CONNECTION=@OLD_COLLATION_CONNECTION */;
